Customer_ID,Time_of_Purchase,Income_Level,Return_Rate,Product_Rating,Social_Media_Influence,Brand_Loyalty,Cluster
37-611-6911,3/1/2024,Middle,1,5,,5,1
29-392-9296,4/16/2024,High,1,1,Medium,3,0
84-649-5117,3/15/2024,Middle,1,5,Low,5,2
48-980-6078,10/4/2024,Middle,0,1,High,3,2
91-170-9072,1/30/2024,Middle,2,4,Medium,3,2
82-561-4233,3/19/2024,Middle,2,3,High,3,2
90-144-9193,3/15/2024,Middle,0,5,High,2,2
88-661-4689,3/17/2024,Middle,2,4,Low,5,2
37-065-3182,6/10/2024,High,1,5,Low,3,0
84-894-9222,10/7/2024,High,1,5,,2,1
44-674-4037,7/2/2024,Middle,0,4,Low,1,2
78-116-8349,12/27/2024,High,0,3,Medium,4,0
19-933-8095,8/5/2024,Middle,1,2,Low,5,2
80-684-5072,7/16/2024,High,0,5,High,5,0
23-302-7502,12/14/2024,High,0,4,,4,1
90-069-8934,8/11/2024,High,2,4,Medium,3,0
45-073-7243,10/18/2024,High,0,5,Low,5,0
89-883-2101,12/9/2024,Middle,0,4,High,2,2
00-477-9449,7/23/2024,Middle,0,4,Medium,2,2
67-159-7366,7/8/2024,High,1,4,,2,1
85-691-4293,7/23/2024,Middle,1,2,,4,1
56-085-0464,7/31/2024,High,0,1,Medium,5,0
33-264-2822,2/25/2024,High,2,4,Medium,4,0
95-478-2650,7/10/2024,Middle,0,4,High,2,2
04-349-6759,12/25/2024,High,2,1,,4,1
21-755-8745,5/31/2024,High,1,4,High,2,0
29-625-7057,9/4/2024,Middle,2,3,High,5,2
58-623-8404,7/24/2024,High,0,4,Medium,3,0
56-506-4709,11/16/2024,Middle,1,5,Low,2,2
25-839-8670,7/6/2024,Middle,1,5,High,1,2
89-194-0596,2/10/2024,High,2,2,,4,1
55-163-1389,6/29/2024,High,0,2,Medium,3,0
28-225-4286,1/26/2024,High,1,5,,4,1
14-305-8712,6/15/2024,High,0,4,,3,1
85-738-6864,6/8/2024,Middle,1,4,,2,1
17-198-5155,5/21/2024,High,1,4,Low,3,0
15-354-9904,9/1/2024,Middle,1,5,,3,1
35-198-9248,3/4/2024,Middle,1,5,High,1,2
03-950-6074,9/13/2024,Middle,0,1,High,2,2
19-999-0134,12/6/2024,Middle,0,3,Medium,2,2
57-989-1487,10/21/2024,Middle,1,3,Medium,5,2
07-816-2673,11/17/2024,Middle,1,5,High,4,2
70-761-3550,7/24/2024,High,2,1,High,2,0
38-242-3251,3/3/2024,High,1,2,,4,1
95-525-0842,11/13/2024,High,1,1,,5,1
37-101-4922,12/24/2024,Middle,0,3,,2,1
37-128-5425,8/4/2024,High,2,5,,2,1
27-439-9545,8/25/2024,High,1,1,,2,1
37-126-7954,8/17/2024,Middle,1,2,High,1,2
82-990-0504,4/1/2024,Middle,1,2,,1,1
21-734-0212,8/24/2024,Middle,0,1,Low,3,2
76-148-9413,8/6/2024,High,0,2,Medium,5,0
53-639-3774,2/1/2024,Middle,2,4,Medium,2,2
20-817-9584,6/17/2024,Middle,2,4,,4,1
18-655-3670,6/12/2024,Middle,2,1,Medium,2,2
72-431-5021,12/16/2024,High,1,2,Medium,4,0
07-479-3919,10/31/2024,Middle,1,1,Low,3,2
17-032-6274,12/7/2024,High,2,5,High,3,0
64-166-9097,2/24/2024,High,0,3,Medium,2,0
39-499-3854,6/11/2024,Middle,2,3,High,5,2
39-636-5871,11/24/2024,High,2,4,,2,1
71-667-2334,7/9/2024,High,0,3,,2,1
35-192-9050,8/18/2024,Middle,1,4,Medium,1,2
91-440-0011,7/10/2024,Middle,0,4,,2,1
20-830-4758,7/12/2024,Middle,2,3,High,1,2
84-337-1016,10/5/2024,High,0,5,Low,1,0
09-346-4992,9/20/2024,High,0,1,High,2,0
75-083-3608,7/16/2024,Middle,2,4,High,2,2
29-779-7209,4/2/2024,High,0,2,Low,5,0
12-409-5166,6/21/2024,Middle,0,5,High,2,2
07-024-4995,3/11/2024,Middle,0,4,High,1,2
74-478-5950,2/26/2024,Middle,0,1,High,3,2
31-395-1286,6/14/2024,High,1,4,Low,4,0
60-838-4334,3/24/2024,High,0,5,Low,2,0
71-197-8227,4/27/2024,Middle,0,4,High,3,2
15-530-3861,11/7/2024,High,2,5,Medium,4,0
30-567-4471,12/4/2024,Middle,1,2,Medium,3,2
04-465-1819,4/18/2024,High,2,1,,1,1
69-692-0614,4/21/2024,Middle,1,2,,4,1
12-839-8066,9/25/2024,High,1,4,,3,1
05-465-8765,12/9/2024,High,0,2,Low,1,0
81-580-3810,9/14/2024,Middle,2,2,Medium,1,2
74-353-6312,3/29/2024,Middle,2,2,Medium,5,2
78-824-1887,6/6/2024,Middle,0,5,High,1,2
31-218-0024,4/8/2024,High,2,1,Low,3,0
15-711-4107,8/11/2024,High,1,1,Low,1,0
76-672-1193,10/10/2024,High,1,4,High,1,0
46-503-5589,6/15/2024,High,0,2,Low,3,0
87-499-6916,8/11/2024,Middle,0,2,Medium,3,2
30-520-8656,3/28/2024,Middle,0,4,High,4,2
36-323-3504,5/13/2024,Middle,2,3,,5,1
93-810-4051,11/23/2024,High,0,2,,3,1
66-515-3648,9/18/2024,Middle,0,3,Low,4,2
09-216-1957,7/16/2024,High,0,1,Medium,5,0
23-253-2565,8/3/2024,High,0,1,Medium,4,0
74-509-4985,6/28/2024,High,0,3,High,2,0
05-857-1572,3/18/2024,Middle,1,5,Medium,3,2
26-521-8328,10/15/2024,Middle,0,1,,2,1
31-147-6197,11/23/2024,High,1,5,Medium,5,0
90-093-0469,11/29/2024,Middle,1,4,Medium,5,2
38-935-1865,7/9/2024,High,0,1,High,3,0
75-953-8663,8/3/2024,High,1,5,Medium,4,0
38-478-2681,12/4/2024,Middle,2,1,,3,1
70-895-5298,6/13/2024,Middle,2,5,High,2,2
02-653-5884,7/13/2024,High,2,3,High,5,0
11-719-8800,9/4/2024,Middle,0,5,Medium,4,2
59-355-5251,8/26/2024,Middle,1,2,Medium,4,2
82-572-9091,2/25/2024,Middle,1,5,Low,5,2
86-044-1071,4/15/2024,Middle,1,2,,1,1
08-733-0300,7/1/2024,Middle,1,1,Low,2,2
70-108-1493,8/30/2024,Middle,1,3,,2,1
46-230-8307,11/13/2024,High,1,2,High,1,0
74-431-0242,12/27/2024,Middle,2,3,High,3,2
78-272-6417,8/7/2024,Middle,1,4,Low,5,2
13-792-4356,10/5/2024,High,1,1,High,5,0
04-563-9091,2/14/2024,Middle,2,5,Low,5,2
79-592-5396,4/5/2024,High,1,3,High,3,0
39-952-4459,2/1/2024,High,2,3,Medium,3,0
67-935-7964,11/9/2024,Middle,2,3,Low,5,2
26-828-2720,6/17/2024,High,0,5,Low,2,0
57-410-7415,6/1/2024,High,0,3,Medium,4,0
62-989-8214,9/24/2024,Middle,2,3,Medium,3,2
73-827-2774,9/5/2024,High,1,3,Medium,2,0
19-643-1879,6/12/2024,Middle,0,2,,2,1
57-345-3921,10/6/2024,High,2,1,Low,3,0
98-817-6731,7/29/2024,High,0,2,Medium,2,0
31-788-0864,10/18/2024,Middle,2,3,,5,1
27-806-4972,8/7/2024,High,0,1,High,1,0
48-343-1220,8/12/2024,High,0,3,,3,1
15-640-6493,11/27/2024,High,1,4,Medium,4,0
64-846-7450,1/25/2024,High,2,3,,4,1
58-788-8938,5/10/2024,High,0,2,High,1,0
52-240-3825,4/22/2024,High,2,2,High,3,0
60-618-2561,3/19/2024,High,1,5,,2,1
94-969-6819,1/24/2024,High,2,4,Medium,1,0
76-982-8107,10/4/2024,Middle,1,2,High,4,2
52-779-8972,5/23/2024,High,2,2,,3,1
40-520-3271,11/13/2024,High,0,4,,3,1
79-884-5600,3/3/2024,High,1,5,High,4,0
80-607-9947,3/3/2024,High,0,4,Low,1,0
87-290-8263,3/24/2024,High,2,5,Low,3,0
99-316-9993,1/22/2024,Middle,0,1,Low,5,2
54-164-2243,11/2/2024,Middle,0,5,High,1,2
14-784-5606,4/18/2024,High,0,2,Medium,1,0
47-992-7446,8/27/2024,Middle,1,2,High,1,2
37-513-5073,2/3/2024,Middle,0,3,Medium,4,2
93-473-7248,9/15/2024,Middle,2,4,,1,1
72-830-1211,6/8/2024,High,2,3,High,2,0
87-934-6762,5/31/2024,High,1,4,Low,4,0
71-975-9564,2/23/2024,High,2,2,Low,1,0
40-232-5631,10/30/2024,Middle,1,2,Low,2,2
22-414-4955,11/22/2024,High,0,2,Low,4,0
99-089-1930,9/15/2024,High,0,3,Medium,1,0
62-198-2511,9/29/2024,Middle,1,3,High,1,2
21-297-1223,11/16/2024,High,2,2,High,5,0
10-961-9336,11/9/2024,Middle,1,5,,1,1
71-473-2656,9/3/2024,High,1,4,High,4,0
84-954-2973,3/13/2024,High,1,4,,1,1
22-382-9636,4/18/2024,Middle,2,4,High,1,2
89-724-2536,5/21/2024,Middle,2,4,Low,2,2
85-391-1888,6/17/2024,High,0,3,Low,3,0
84-934-2483,4/1/2024,High,0,2,High,5,0
96-229-1698,6/21/2024,Middle,2,1,High,5,2
36-948-6994,12/19/2024,High,1,5,,2,1
43-172-9431,3/2/2024,Middle,0,2,High,1,2
53-690-5759,6/29/2024,High,0,3,Medium,4,0
00-496-3067,8/29/2024,Middle,2,3,Medium,4,2
10-330-6387,4/15/2024,High,0,3,Low,5,0
87-590-8963,8/27/2024,High,0,4,High,1,0
47-931-2642,3/20/2024,Middle,1,2,Medium,5,2
76-501-6422,4/27/2024,Middle,0,5,High,1,2
39-274-2175,5/5/2024,High,0,3,,5,1
62-493-5282,6/16/2024,High,2,4,High,1,0
18-841-7253,10/15/2024,High,2,4,,5,1
18-097-5707,8/1/2024,Middle,0,3,High,3,2
83-792-5141,6/25/2024,Middle,2,4,Medium,3,2
65-036-2410,2/4/2024,Middle,0,2,,1,1
67-593-9579,6/26/2024,Middle,2,5,High,1,2
33-484-6674,7/6/2024,Middle,1,1,Medium,4,2
65-249-5416,10/26/2024,High,1,2,Low,5,0
17-328-4678,5/7/2024,High,2,5,Low,5,0
00-733-8770,12/8/2024,High,0,1,,5,1
47-501-3435,6/27/2024,High,1,1,High,2,0
46-779-7065,8/31/2024,High,1,1,Low,3,0
91-603-1565,11/13/2024,Middle,0,2,High,1,2
35-122-5020,12/19/2024,High,0,1,Low,1,0
63-684-4073,5/6/2024,High,1,1,Low,3,0
74-483-2893,10/30/2024,Middle,2,1,Medium,1,2
72-728-4406,4/11/2024,Middle,2,5,Medium,2,2
13-588-2488,5/5/2024,Middle,0,2,,1,1
79-861-6506,2/19/2024,High,0,3,High,5,0
66-974-6707,10/9/2024,Middle,1,1,Low,2,2
95-112-6724,4/21/2024,Middle,1,1,,2,1
27-262-6874,7/24/2024,Middle,2,4,Low,2,2
92-908-5062,8/20/2024,Middle,2,4,High,2,2
70-014-6406,3/24/2024,Middle,1,3,Low,5,2
52-908-9971,4/4/2024,Middle,1,1,,2,1
57-623-5362,9/13/2024,High,1,1,High,5,0
48-315-0196,4/24/2024,Middle,2,4,,4,1
71-959-3896,1/9/2024,High,1,5,High,4,0
29-987-3969,6/3/2024,Middle,2,2,,4,1
78-613-1546,6/23/2024,Middle,1,2,High,3,2
43-664-4451,11/30/2024,Middle,1,5,Low,3,2
34-095-3364,10/24/2024,Middle,1,5,,5,1
72-393-6893,4/21/2024,Middle,0,4,Medium,4,2
73-707-2809,1/23/2024,Middle,1,1,,3,1
04-609-7885,6/23/2024,Middle,2,5,,5,1
73-139-4306,3/20/2024,Middle,2,5,Low,2,2
23-794-8196,4/9/2024,High,2,2,High,5,0
66-050-6391,10/19/2024,Middle,1,1,,2,1
22-311-5460,5/10/2024,Middle,1,1,High,1,2
51-917-0766,5/14/2024,High,1,1,,4,1
53-013-1026,4/13/2024,High,0,5,High,3,0
29-779-3457,1/4/2024,Middle,0,3,,2,1
18-047-5540,6/30/2024,High,0,3,Low,3,0
89-438-5310,4/30/2024,High,2,1,Low,5,0
23-985-3535,2/1/2024,High,2,2,,4,1
67-939-2463,7/1/2024,Middle,1,5,,5,1
03-623-6767,11/5/2024,Middle,0,3,High,3,2
86-749-6914,1/29/2024,Middle,2,5,High,4,2
03-977-8103,10/25/2024,Middle,2,5,Low,4,2
03-827-4021,6/3/2024,High,2,2,High,1,0
68-507-4747,6/14/2024,High,0,2,Medium,5,0
73-942-8440,10/22/2024,Middle,2,4,,1,1
21-821-6398,7/9/2024,Middle,1,5,Low,1,2
64-641-7874,8/14/2024,High,1,4,High,1,0
53-459-7870,4/17/2024,High,1,2,Medium,1,0
36-240-3240,11/16/2024,Middle,0,1,,2,1
54-936-4361,8/12/2024,High,1,3,Low,5,0
67-209-0990,7/27/2024,High,1,5,Low,5,0
19-667-0201,4/15/2024,Middle,2,2,Low,4,2
36-274-5269,10/6/2024,Middle,0,2,,2,1
09-948-3150,11/26/2024,High,2,4,Medium,1,0
19-873-9468,5/26/2024,Middle,0,1,High,2,2
37-748-4988,11/4/2024,Middle,1,1,High,4,2
08-755-1170,10/18/2024,Middle,1,3,Low,1,2
07-402-7433,6/13/2024,Middle,2,1,Low,1,2
60-073-3575,3/3/2024,Middle,1,1,Low,1,2
97-237-3483,6/3/2024,Middle,2,2,,4,1
93-675-1619,8/10/2024,Middle,1,1,Medium,4,2
43-884-2577,11/18/2024,Middle,0,2,,3,1
33-200-7615,2/8/2024,High,0,4,Low,4,0
63-631-8261,3/17/2024,High,0,3,,4,1
34-016-7909,1/4/2024,High,1,4,Low,5,0
82-304-6495,9/29/2024,High,2,2,Low,2,0
70-207-6999,8/5/2024,High,1,4,Medium,3,0
71-780-8195,5/7/2024,High,1,5,Low,5,0
93-356-8589,8/18/2024,High,0,2,High,3,0
92-142-9480,2/18/2024,High,1,2,High,4,0
53-042-5685,3/14/2024,Middle,1,4,Low,3,2
35-853-2222,3/25/2024,High,0,4,Medium,3,0
83-670-9273,12/3/2024,High,2,2,High,3,0
37-783-6086,5/13/2024,High,2,3,High,1,0
79-902-8144,7/25/2024,High,0,2,High,2,0
41-009-7879,1/10/2024,High,0,1,High,1,0
89-302-8461,10/30/2024,Middle,1,4,Medium,4,2
23-066-1915,9/17/2024,Middle,1,5,Low,5,2
39-090-0124,8/17/2024,Middle,1,2,High,4,2
41-854-0707,6/3/2024,Middle,1,1,Medium,2,2
04-352-1558,7/28/2024,High,1,5,High,2,0
93-867-8303,10/24/2024,Middle,1,4,Medium,1,2
31-088-6950,4/1/2024,Middle,0,4,High,1,2
43-616-8365,6/9/2024,Middle,2,1,High,2,2
71-876-9118,11/14/2024,Middle,0,2,Low,1,2
18-263-0366,10/8/2024,Middle,0,4,,2,1
25-502-1415,1/11/2024,High,2,5,Medium,4,0
50-000-9588,2/26/2024,High,0,4,,1,1
32-338-5967,11/1/2024,Middle,1,4,Medium,4,2
19-311-9149,3/28/2024,High,0,5,Medium,3,0
94-212-7169,1/8/2024,High,0,4,Medium,4,0
17-246-6194,2/28/2024,Middle,0,3,Low,2,2
26-672-1285,9/15/2024,Middle,1,5,,5,1
00-265-0556,11/1/2024,Middle,1,2,,3,1
76-397-3294,7/14/2024,High,0,1,,2,1
43-612-8079,4/24/2024,High,1,2,Low,3,0
17-213-2834,8/22/2024,Middle,0,3,High,4,2
36-214-1586,2/20/2024,High,2,1,High,3,0
32-414-1466,1/27/2024,High,1,1,,5,1
12-699-6543,2/9/2024,Middle,1,1,,1,1
83-427-3218,1/28/2024,Middle,2,4,Medium,4,2
61-663-9008,6/23/2024,Middle,2,5,High,4,2
86-917-7481,8/20/2024,Middle,1,3,,5,1
66-086-2306,11/24/2024,Middle,0,4,Low,5,2
43-671-9834,4/19/2024,Middle,1,2,Low,3,2
90-888-8726,1/26/2024,High,2,2,Medium,5,0
23-085-0811,9/6/2024,High,0,1,High,3,0
85-192-9218,6/29/2024,High,0,4,Medium,1,0
82-671-7236,3/3/2024,Middle,1,3,High,5,2
42-674-3987,5/10/2024,Middle,0,3,,5,1
41-934-7739,8/20/2024,Middle,2,3,High,4,2
48-825-0400,11/11/2024,Middle,1,3,,1,1
30-133-5120,5/25/2024,Middle,1,4,High,4,2
29-827-8515,12/23/2024,High,0,1,High,5,0
91-724-4633,7/7/2024,Middle,1,2,Low,4,2
10-328-5732,12/30/2024,High,0,4,Low,2,0
38-912-1128,3/11/2024,Middle,2,5,Low,4,2
07-751-9620,7/7/2024,Middle,0,5,Medium,1,2
81-877-9170,7/24/2024,High,1,3,Medium,1,0
19-885-2597,8/4/2024,High,2,1,Low,3,0
82-389-2029,1/2/2024,High,0,3,High,1,0
97-463-0048,4/9/2024,Middle,2,5,Medium,1,2
91-572-6135,10/15/2024,Middle,2,5,,2,1
10-232-0685,1/23/2024,High,1,1,High,5,0
77-761-7475,12/1/2024,Middle,1,3,,5,1
78-826-3039,2/19/2024,High,2,1,Low,1,0
86-668-1045,8/19/2024,High,1,1,High,1,0
14-603-9698,11/18/2024,High,2,1,,2,1
23-752-2213,6/4/2024,Middle,1,1,High,2,2
71-486-8561,11/20/2024,High,2,3,,4,1
76-382-7162,4/21/2024,High,2,5,Low,3,0
28-947-4295,10/20/2024,Middle,1,4,Low,2,2
84-765-0748,2/9/2024,Middle,2,3,High,5,2
54-207-8349,12/5/2024,High,2,5,,4,1
20-419-0341,6/28/2024,High,1,5,Low,2,0
52-005-9914,8/6/2024,High,1,4,Low,3,0
34-846-7805,11/22/2024,High,1,3,Low,3,0
26-596-5461,8/4/2024,High,2,2,Medium,5,0
20-157-8631,1/12/2024,High,0,4,,1,1
91-199-9097,11/19/2024,High,0,5,Low,4,0
55-846-2579,9/4/2024,Middle,1,2,Medium,2,2
83-455-7266,8/3/2024,Middle,2,2,,5,1
67-599-9267,4/8/2024,High,1,1,Low,5,0
41-501-9276,4/21/2024,High,1,3,Low,2,0
99-509-4653,6/17/2024,High,2,5,Low,3,0
31-284-5722,3/19/2024,High,1,2,Medium,2,0
88-000-9227,8/13/2024,Middle,1,2,High,2,2
52-726-9328,5/29/2024,High,0,2,Medium,5,0
60-198-5417,12/3/2024,High,2,2,Medium,4,0
00-107-4749,9/19/2024,Middle,2,1,,1,1
88-428-8409,3/22/2024,High,0,4,Low,4,0
21-313-7424,2/22/2024,Middle,0,5,High,3,2
79-973-7862,12/25/2024,Middle,0,5,Low,2,2
81-814-3498,8/27/2024,Middle,2,4,Medium,1,2
34-375-8138,1/28/2024,Middle,1,3,High,5,2
05-067-9686,11/16/2024,High,1,3,Low,1,0
61-951-7929,12/8/2024,Middle,1,1,High,2,2
53-667-0793,5/15/2024,High,1,2,Low,5,0
61-212-1117,8/3/2024,Middle,0,5,,3,1
09-443-7536,10/7/2024,High,1,1,Medium,1,0
27-463-5671,6/25/2024,Middle,0,3,Medium,4,2
53-380-3968,4/4/2024,High,1,5,Medium,5,0
42-969-0735,2/29/2024,High,2,3,Medium,5,0
12-440-5464,4/9/2024,Middle,1,5,Medium,5,2
33-467-2534,4/18/2024,Middle,0,1,Low,3,2
35-418-0288,2/2/2024,High,1,5,High,1,0
33-787-2143,4/22/2024,Middle,0,4,,5,1
58-528-6262,7/14/2024,Middle,0,5,Low,4,2
31-060-2716,9/10/2024,Middle,0,2,High,1,2
81-515-5823,7/29/2024,Middle,2,3,Low,4,2
90-858-0453,10/15/2024,Middle,0,1,High,2,2
28-874-8938,7/1/2024,High,1,2,Low,4,0
89-625-5542,5/4/2024,Middle,2,4,Low,5,2
07-966-8728,3/2/2024,Middle,2,2,,2,1
94-408-2581,4/17/2024,Middle,1,5,Low,1,2
55-301-9368,8/30/2024,High,0,5,High,3,0
72-336-1992,4/23/2024,Middle,0,1,Medium,4,2
06-008-2805,11/25/2024,High,2,3,,3,1
77-178-6086,12/11/2024,Middle,1,4,Medium,1,2
28-832-2885,5/25/2024,High,0,4,,5,1
75-210-7391,7/25/2024,Middle,2,3,Medium,2,2
60-470-3563,5/8/2024,Middle,1,5,Medium,3,2
24-241-7171,5/28/2024,High,2,5,,1,1
53-784-1855,6/24/2024,Middle,2,3,High,4,2
83-561-3374,1/13/2024,High,1,4,High,1,0
96-121-0629,3/13/2024,Middle,1,2,High,3,2
00-275-9990,6/28/2024,Middle,0,5,High,1,2
36-593-2907,4/30/2024,High,0,3,Medium,3,0
22-692-3470,6/14/2024,High,0,2,Medium,3,0
90-322-7329,8/4/2024,High,0,2,High,2,0
28-395-9872,5/7/2024,High,0,4,Medium,4,0
79-297-1061,11/15/2024,Middle,2,5,,4,1
93-649-9356,2/16/2024,High,2,4,,5,1
27-543-7069,8/5/2024,Middle,2,2,,4,1
96-079-9597,8/11/2024,High,0,1,,5,1
38-940-4942,12/15/2024,High,0,4,Low,3,0
82-014-2564,3/6/2024,High,1,1,High,3,0
70-699-5799,5/21/2024,High,2,2,Low,4,0
53-240-2040,3/23/2024,High,2,1,Medium,1,0
27-742-2776,9/22/2024,High,2,5,,3,1
55-620-7906,4/2/2024,High,0,3,,3,1
04-213-4617,1/30/2024,High,2,3,Low,2,0
79-384-7469,5/28/2024,Middle,0,1,Medium,5,2
30-839-5589,8/20/2024,Middle,2,4,Low,5,2
76-848-9229,2/15/2024,High,0,3,High,2,0
98-559-6096,7/13/2024,Middle,0,2,High,2,2
56-810-2066,4/17/2024,High,2,2,,5,1
55-580-7707,11/29/2024,High,0,1,High,5,0
18-605-0795,10/28/2024,Middle,0,5,Medium,5,2
86-268-2904,7/12/2024,High,1,1,,2,1
75-847-7630,7/26/2024,Middle,2,3,High,3,2
76-910-2337,12/5/2024,Middle,2,1,Medium,4,2
56-719-7145,8/12/2024,High,1,5,High,1,0
14-025-2335,1/2/2024,Middle,1,1,High,1,2
10-300-8072,11/4/2024,High,0,2,Low,3,0
73-698-2326,7/5/2024,Middle,1,1,High,5,2
01-023-2094,4/30/2024,Middle,1,4,Low,5,2
65-359-4645,2/16/2024,Middle,0,1,Low,3,2
33-405-7978,3/20/2024,High,0,2,,5,1
09-783-7921,10/27/2024,High,0,5,Low,5,0
76-561-2427,5/4/2024,Middle,2,5,High,3,2
82-467-3300,10/31/2024,High,2,2,Medium,5,0
92-946-7398,2/6/2024,High,0,5,Low,3,0
59-891-2990,7/18/2024,Middle,0,5,,4,1
22-579-3978,1/6/2024,Middle,1,3,High,5,2
22-352-0576,4/4/2024,Middle,2,3,,5,1
28-676-0614,2/28/2024,Middle,0,5,Medium,2,2
07-211-9364,10/28/2024,Middle,0,3,High,4,2
98-238-6733,6/21/2024,High,0,5,High,2,0
72-006-3769,6/6/2024,High,0,1,Medium,3,0
75-845-3143,12/24/2024,High,1,4,Low,3,0
26-028-2671,11/14/2024,High,2,2,High,2,0
55-876-7407,12/18/2024,High,2,3,High,2,0
47-720-9520,4/10/2024,Middle,1,3,,4,1
42-207-5005,12/6/2024,Middle,1,5,Medium,2,2
47-266-2261,10/29/2024,Middle,1,1,High,1,2
77-642-7686,7/10/2024,High,0,1,High,5,0
37-468-8133,1/30/2024,Middle,0,4,Low,1,2
00-335-5034,8/12/2024,High,2,3,High,1,0
95-148-1769,3/17/2024,Middle,1,3,Low,5,2
72-324-1243,9/21/2024,High,0,4,High,2,0
62-687-5354,3/25/2024,Middle,0,5,High,4,2
54-634-0814,11/12/2024,High,0,3,Low,5,0
64-769-5737,4/6/2024,Middle,1,4,Low,3,2
62-892-2088,11/23/2024,High,1,4,Medium,5,0
53-951-2529,7/11/2024,Middle,0,2,High,4,2
00-264-3797,4/17/2024,Middle,0,2,Medium,4,2
88-445-9235,9/14/2024,High,0,3,Medium,5,0
65-539-9955,8/8/2024,High,1,2,Low,5,0
89-730-1134,5/5/2024,Middle,1,4,,3,1
74-051-7865,2/15/2024,High,0,1,Medium,5,0
40-450-4266,1/26/2024,Middle,0,2,Medium,4,2
78-796-5651,5/23/2024,Middle,0,5,Medium,3,2
78-163-4800,4/20/2024,Middle,0,1,Low,1,2
90-272-5701,6/9/2024,Middle,0,5,,4,1
14-118-5229,2/15/2024,Middle,1,4,Low,3,2
24-662-2119,4/18/2024,High,2,4,Medium,3,0
61-794-8438,7/7/2024,Middle,2,3,High,1,2
21-959-5766,12/15/2024,High,1,2,Medium,4,0
42-518-2602,7/28/2024,Middle,2,1,Medium,2,2
35-850-8676,1/24/2024,High,2,4,Low,2,0
07-958-2231,2/10/2024,Middle,2,5,,3,1
78-503-0416,8/31/2024,Middle,2,1,Low,2,2
46-167-7999,7/16/2024,Middle,1,5,,5,1
93-989-8649,7/19/2024,Middle,0,3,Medium,1,2
98-130-8811,5/17/2024,High,1,2,,3,1
18-614-2070,4/29/2024,Middle,0,4,,4,1
80-277-3242,1/4/2024,High,2,5,Low,1,0
44-949-9040,11/7/2024,High,0,1,,2,1
04-545-9162,4/25/2024,High,1,1,,1,1
51-320-2801,10/3/2024,High,1,5,High,1,0
50-510-5119,8/7/2024,High,2,2,Medium,4,0
63-964-6954,4/11/2024,High,2,5,Low,2,0
55-569-9247,4/25/2024,Middle,2,2,High,4,2
02-911-0447,4/28/2024,Middle,2,2,,4,1
77-626-7240,9/9/2024,High,1,5,High,4,0
75-915-9803,5/8/2024,High,2,5,High,3,0
78-905-2660,6/9/2024,Middle,1,1,Medium,2,2
02-677-6735,8/27/2024,High,0,2,Low,4,0
20-460-9796,4/1/2024,Middle,2,3,,2,1
57-587-4005,8/29/2024,Middle,1,3,,3,1
99-477-8256,9/18/2024,Middle,2,3,Low,4,2
03-992-3728,9/5/2024,Middle,1,4,Medium,2,2
24-878-4507,8/6/2024,High,2,4,Low,5,0
22-106-8347,6/18/2024,High,2,5,Medium,2,0
81-479-0790,8/26/2024,High,1,4,Medium,4,0
03-023-9932,4/24/2024,High,2,2,Medium,5,0
36-632-2460,8/8/2024,High,2,5,,3,1
32-799-7704,9/5/2024,High,0,5,High,3,0
09-369-0588,4/16/2024,High,2,1,Medium,1,0
87-727-6434,7/17/2024,High,1,2,Low,2,0
18-793-9543,3/18/2024,High,2,2,,5,1
63-625-5757,7/18/2024,Middle,0,4,Medium,5,2
93-413-4758,5/31/2024,Middle,2,2,Low,5,2
15-663-7994,1/21/2024,Middle,1,5,High,3,2
29-319-4519,6/15/2024,High,0,3,High,1,0
40-347-2903,4/19/2024,Middle,1,5,Low,4,2
18-452-1635,9/12/2024,Middle,1,1,Low,5,2
47-710-5471,9/4/2024,Middle,1,4,High,5,2
88-167-7129,4/28/2024,High,1,5,High,5,0
86-771-9082,12/8/2024,High,1,4,,3,1
46-678-4172,11/5/2024,Middle,0,3,Medium,3,2
14-249-1256,2/13/2024,Middle,1,3,Medium,2,2
75-617-1460,1/25/2024,High,0,1,Medium,1,0
10-247-0192,8/22/2024,High,2,1,Medium,3,0
94-120-9525,11/14/2024,High,2,4,Medium,3,0
22-234-9315,11/10/2024,High,0,1,,2,1
37-560-7247,10/3/2024,Middle,1,2,,2,1
91-857-0797,8/30/2024,High,0,2,Low,4,0
19-344-0102,10/9/2024,High,2,4,,4,1
48-609-7715,11/2/2024,High,1,1,High,5,0
13-571-6506,7/2/2024,Middle,1,2,Low,1,2
47-073-6440,10/8/2024,Middle,0,2,High,3,2
50-303-1693,6/4/2024,Middle,1,3,Medium,5,2
69-157-9577,8/13/2024,High,1,4,,3,1
09-513-4923,3/27/2024,High,1,3,Medium,2,0
82-975-8569,1/6/2024,High,1,1,Medium,5,0
70-774-7728,8/26/2024,Middle,2,3,Medium,3,2
13-015-8097,5/20/2024,High,0,3,High,4,0
68-391-7279,7/19/2024,High,2,1,Medium,1,0
28-764-3337,12/8/2024,Middle,1,3,Low,4,2
00-285-9607,5/28/2024,Middle,2,1,Low,1,2
04-832-3559,5/26/2024,Middle,0,2,Medium,5,2
27-613-5005,6/6/2024,Middle,0,5,High,4,2
49-825-3438,2/27/2024,High,2,4,,2,1
31-783-9785,7/17/2024,High,0,2,Low,4,0
58-059-8187,7/8/2024,High,2,3,High,2,0
74-882-6648,6/19/2024,High,2,4,High,3,0
03-180-9200,5/17/2024,High,0,2,,3,1
46-578-1425,10/20/2024,High,0,5,,5,1
13-588-5783,9/19/2024,Middle,1,5,,4,1
25-085-7917,5/21/2024,Middle,0,1,Medium,2,2
66-085-1226,2/5/2024,Middle,0,5,High,4,2
37-037-1765,2/29/2024,High,0,3,High,1,0
48-630-6410,7/4/2024,High,1,4,,3,1
50-471-0212,10/29/2024,High,0,3,Medium,3,0
48-642-5768,10/17/2024,Middle,0,5,Low,3,2
15-152-9751,11/4/2024,High,1,4,High,1,0
23-451-9920,11/21/2024,Middle,0,5,Low,3,2
09-775-4058,3/25/2024,High,0,4,Low,2,0
43-595-0966,4/20/2024,Middle,1,3,High,1,2
56-592-0089,4/14/2024,Middle,1,3,Low,5,2
29-374-1297,6/4/2024,Middle,1,4,Low,5,2
80-728-6133,1/28/2024,Middle,1,1,High,5,2
58-502-7490,5/15/2024,High,2,4,Medium,4,0
23-537-0742,7/19/2024,Middle,2,5,High,4,2
22-483-3115,4/15/2024,High,0,2,Medium,3,0
57-372-5969,9/11/2024,High,1,2,Medium,1,0
37-283-9076,3/10/2024,Middle,1,3,,5,1
39-075-3518,1/14/2024,Middle,0,5,High,2,2
84-315-7189,5/29/2024,High,0,5,High,4,0
75-964-5589,8/31/2024,High,2,3,Medium,4,0
06-594-3417,12/23/2024,High,1,1,Low,3,0
08-297-3351,1/16/2024,High,0,2,,2,1
05-546-5128,3/4/2024,Middle,1,2,Low,5,2
79-759-6726,9/24/2024,High,1,4,Medium,2,0
12-851-1771,10/7/2024,High,2,4,High,1,0
79-960-1714,3/25/2024,Middle,1,3,Low,3,2
30-417-6981,8/20/2024,High,1,5,High,1,0
91-532-5399,12/7/2024,Middle,1,1,High,1,2
89-997-9041,9/3/2024,High,0,1,High,5,0
26-235-6745,2/9/2024,High,2,1,High,5,0
99-080-9462,3/27/2024,High,2,5,High,1,0
87-056-8987,12/29/2024,High,1,3,Medium,5,0
06-160-8063,10/20/2024,Middle,1,3,Low,5,2
73-434-2308,9/3/2024,Middle,0,3,Low,2,2
84-260-6464,3/13/2024,Middle,1,5,Low,1,2
00-149-4481,2/4/2024,High,0,1,Low,5,0
05-710-6109,3/31/2024,High,2,3,,2,1
84-724-8407,7/17/2024,High,2,3,,3,1
45-795-1873,6/16/2024,High,0,4,High,3,0
06-647-3248,4/13/2024,High,1,3,Medium,4,0
06-767-5206,8/12/2024,High,1,4,,4,1
94-288-4423,12/17/2024,High,0,4,,1,1
49-891-9711,9/25/2024,Middle,2,5,Medium,4,2
08-806-0588,6/24/2024,High,0,5,High,2,0
94-746-2001,11/18/2024,Middle,2,4,Low,3,2
38-943-5744,8/6/2024,High,1,4,High,1,0
98-535-8497,9/15/2024,High,1,2,Low,3,0
33-243-8793,7/8/2024,Middle,2,5,High,3,2
99-581-5577,10/17/2024,High,0,1,,4,1
64-180-2404,6/16/2024,Middle,2,4,Medium,1,2
73-097-0986,10/30/2024,Middle,1,2,,4,1
88-051-0567,8/13/2024,High,1,5,,1,1
44-715-9594,9/3/2024,Middle,0,1,Medium,1,2
84-188-6577,7/1/2024,Middle,1,3,High,5,2
19-116-4723,5/11/2024,High,0,1,Low,4,0
21-783-9242,9/28/2024,High,1,5,High,2,0
95-528-2313,2/18/2024,Middle,1,3,High,3,2
94-682-4886,11/28/2024,Middle,0,2,High,3,2
55-944-9669,11/15/2024,Middle,1,4,Low,1,2
32-314-2958,7/24/2024,Middle,0,4,High,2,2
67-697-2331,1/27/2024,Middle,2,4,,1,1
28-855-1639,5/15/2024,High,2,5,High,5,0
38-069-8615,1/20/2024,Middle,1,4,High,2,2
58-233-5963,4/11/2024,High,0,3,Medium,5,0
02-004-0620,11/10/2024,Middle,2,5,,3,1
78-822-9328,4/18/2024,High,1,2,,4,1
73-359-1998,4/24/2024,Middle,0,4,Medium,5,2
84-459-7736,11/19/2024,Middle,1,2,High,2,2
07-395-5818,1/12/2024,High,0,2,High,2,0
07-560-6637,3/11/2024,Middle,0,5,,4,1
61-926-1691,10/11/2024,High,2,3,,5,1
68-129-1060,12/15/2024,High,0,5,Medium,5,0
04-052-5592,6/11/2024,Middle,0,3,High,5,2
41-215-6092,5/8/2024,High,0,5,,2,1
89-833-7175,10/12/2024,Middle,0,2,Medium,1,2
08-117-9893,10/5/2024,High,2,1,Medium,2,0
24-109-2173,11/19/2024,High,1,5,High,1,0
79-939-2140,1/12/2024,Middle,1,1,Low,5,2
95-999-0984,12/9/2024,High,2,1,High,2,0
64-799-3174,1/15/2024,Middle,2,5,Medium,1,2
27-018-2262,11/21/2024,Middle,1,4,,4,1
38-881-0766,7/5/2024,Middle,0,5,Low,2,2
17-344-8603,11/15/2024,High,1,1,Low,4,0
51-387-9144,7/6/2024,High,2,2,,5,1
42-101-8525,8/23/2024,Middle,2,1,High,2,2
69-157-6752,8/30/2024,Middle,2,1,Medium,4,2
27-843-5553,3/16/2024,Middle,2,4,High,1,2
04-468-5487,8/17/2024,Middle,1,1,,2,1
08-584-8296,2/27/2024,Middle,0,1,Low,3,2
81-014-4502,2/14/2024,Middle,2,4,,4,1
65-167-9819,6/24/2024,High,0,3,Low,1,0
19-925-2376,7/21/2024,High,1,2,High,1,0
03-669-7519,6/30/2024,Middle,0,1,,3,1
00-520-4376,10/3/2024,High,0,5,Low,5,0
62-701-1037,8/23/2024,Middle,0,5,Medium,2,2
87-806-4478,1/13/2024,Middle,1,4,Medium,3,2
04-809-8989,11/8/2024,High,2,4,Medium,1,0
39-867-1989,1/29/2024,High,0,5,Medium,3,0
45-584-7333,3/4/2024,High,1,2,,1,1
85-885-6579,6/3/2024,Middle,0,1,High,5,2
65-457-2840,12/6/2024,Middle,2,1,,1,1
82-726-1255,3/26/2024,Middle,1,1,Medium,2,2
90-602-3583,8/9/2024,High,0,4,,2,1
02-711-1034,5/17/2024,High,0,3,High,1,0
27-347-7437,2/17/2024,High,2,3,Low,1,0
95-675-7816,1/17/2024,High,2,4,Low,1,0
87-418-1400,7/5/2024,Middle,0,4,Medium,4,2
73-991-0066,5/1/2024,High,2,4,Low,4,0
62-273-8089,10/6/2024,Middle,0,4,Medium,5,2
51-220-3072,7/18/2024,Middle,2,4,High,4,2
17-648-0171,4/23/2024,High,1,1,Low,1,0
11-975-9054,4/2/2024,Middle,0,1,High,3,2
75-518-2831,9/20/2024,Middle,2,4,Medium,3,2
13-297-9777,7/26/2024,Middle,2,3,,4,1
81-604-7906,10/3/2024,Middle,2,5,Low,2,2
87-518-0375,2/27/2024,Middle,1,5,Medium,1,2
53-437-2629,4/8/2024,High,1,3,High,1,0
46-681-0764,8/23/2024,Middle,0,3,High,4,2
43-990-6454,9/10/2024,High,0,2,Medium,3,0
55-570-3804,3/6/2024,Middle,0,3,High,2,2
29-067-4901,7/7/2024,High,2,2,High,2,0
93-957-6269,9/8/2024,High,1,5,Low,5,0
81-225-6647,6/3/2024,High,2,3,,4,1
64-706-7841,11/8/2024,High,2,3,High,3,0
47-178-9529,10/16/2024,High,1,4,Medium,4,0
63-808-3641,7/3/2024,High,1,2,Medium,1,0
85-738-8909,7/18/2024,Middle,2,5,,4,1
40-224-1057,3/14/2024,Middle,0,2,,4,1
24-853-1635,12/9/2024,Middle,1,5,Medium,5,2
61-627-1822,6/26/2024,High,2,1,Low,2,0
89-392-5002,11/12/2024,High,2,3,,2,1
71-573-6085,12/20/2024,Middle,2,2,Medium,1,2
91-810-3612,5/28/2024,Middle,2,1,Medium,5,2
07-323-0255,10/13/2024,Middle,1,1,High,2,2
81-054-5343,2/22/2024,High,1,1,,5,1
14-854-9545,2/1/2024,Middle,1,2,,2,1
52-150-4629,9/16/2024,High,2,2,Low,1,0
48-918-4473,4/27/2024,Middle,1,2,Medium,5,2
06-764-5496,4/28/2024,High,0,4,,4,1
67-036-4295,9/1/2024,Middle,1,2,,3,1
35-880-9374,3/21/2024,Middle,2,3,High,1,2
08-614-6177,12/11/2024,Middle,0,1,Low,5,2
35-879-0014,12/4/2024,High,2,3,High,5,0
91-570-2695,2/24/2024,Middle,0,2,Medium,4,2
54-193-3526,5/24/2024,Middle,2,2,Low,1,2
55-237-7991,5/18/2024,Middle,0,4,,4,1
90-569-7391,4/2/2024,Middle,1,4,Medium,2,2
88-395-8741,6/24/2024,High,2,1,High,1,0
06-638-0433,9/3/2024,High,2,2,Low,3,0
84-208-7045,5/19/2024,High,1,3,Medium,4,0
71-568-0867,8/4/2024,High,1,1,High,4,0
18-925-1867,10/24/2024,High,0,5,Low,1,0
69-394-1424,8/16/2024,High,1,4,Low,5,0
91-695-8237,6/11/2024,Middle,2,2,Medium,3,2
68-458-0904,11/1/2024,High,2,5,,3,1
28-862-5550,8/22/2024,Middle,0,5,Medium,1,2
85-666-7449,8/24/2024,High,1,3,Medium,1,0
30-987-7421,8/1/2024,Middle,0,4,High,1,2
39-107-6852,2/9/2024,Middle,0,2,High,3,2
85-467-6564,4/10/2024,Middle,1,2,High,4,2
82-692-9306,6/10/2024,High,1,5,Medium,2,0
18-593-8611,11/7/2024,High,1,5,Low,4,0
93-093-0556,9/16/2024,Middle,1,5,Low,4,2
59-080-5779,1/16/2024,High,2,1,Medium,5,0
64-915-2968,3/3/2024,High,0,3,Medium,4,0
94-495-3402,3/29/2024,High,2,4,Medium,5,0
84-458-6432,9/15/2024,Middle,0,3,,3,1
46-452-3822,1/25/2024,Middle,1,2,,1,1
54-877-5699,9/18/2024,High,0,1,Low,5,0
15-146-4456,12/21/2024,High,1,5,,5,1
76-620-2994,9/28/2024,High,2,1,,1,1
60-834-3348,7/9/2024,Middle,2,1,Medium,3,2
77-742-5663,9/27/2024,Middle,2,1,Low,3,2
05-167-0833,1/9/2024,Middle,0,1,High,2,2
86-182-9556,7/5/2024,High,0,1,High,4,0
14-415-2802,7/16/2024,Middle,1,4,Low,5,2
49-469-9163,1/9/2024,Middle,0,3,Low,1,2
67-937-6624,8/13/2024,High,2,2,Low,5,0
91-761-9492,9/5/2024,Middle,0,1,Low,1,2
19-184-7665,9/29/2024,Middle,2,4,,3,1
19-383-9741,4/7/2024,Middle,1,4,Low,1,2
15-625-4047,12/18/2024,Middle,2,2,High,1,2
81-820-4735,6/14/2024,Middle,0,4,Medium,3,2
71-436-6908,4/25/2024,High,0,3,Medium,3,0
73-145-5784,7/20/2024,Middle,0,2,,2,1
50-637-1630,3/29/2024,High,1,4,High,5,0
44-938-7475,3/26/2024,High,1,5,High,2,0
55-279-3045,4/14/2024,Middle,1,2,Low,4,2
59-997-3903,12/14/2024,High,2,5,Medium,2,0
12-029-9344,8/12/2024,High,2,3,High,5,0
41-130-2570,8/29/2024,Middle,2,5,,3,1
25-285-7453,9/7/2024,High,0,1,Low,4,0
47-225-8686,6/28/2024,High,2,4,Low,2,0
33-519-4214,9/12/2024,High,0,1,Low,1,0
03-991-2098,1/19/2024,High,1,5,,1,1
30-735-8744,3/2/2024,Middle,1,4,Medium,2,2
13-848-5757,1/8/2024,High,0,2,,5,1
21-300-2001,8/27/2024,Middle,0,4,High,4,2
38-587-1781,1/3/2024,Middle,0,1,Medium,1,2
66-557-1474,4/9/2024,Middle,2,1,Medium,5,2
03-422-8710,3/19/2024,Middle,1,1,Medium,2,2
39-731-8532,6/15/2024,High,1,3,Medium,2,0
80-830-3184,3/3/2024,High,1,5,,3,1
97-505-8416,11/17/2024,Middle,1,5,,4,1
98-585-4742,2/14/2024,High,2,1,High,4,0
51-302-9537,2/29/2024,High,1,5,Low,1,0
88-313-2633,2/22/2024,Middle,0,2,Low,2,2
61-286-0069,3/31/2024,Middle,2,1,Low,2,2
35-907-0586,10/27/2024,High,2,4,Medium,3,0
30-522-1574,12/21/2024,Middle,0,5,Medium,5,2
43-715-8777,11/19/2024,Middle,2,5,Medium,3,2
94-692-4313,9/13/2024,High,1,3,,5,1
96-915-4091,9/26/2024,High,2,3,High,2,0
67-073-5578,7/14/2024,Middle,1,3,High,2,2
27-010-9462,8/12/2024,Middle,2,5,,4,1
19-689-4556,12/17/2024,Middle,0,5,High,1,2
53-143-6147,3/21/2024,High,2,1,Low,3,0
02-725-7664,10/3/2024,High,0,1,,2,1
54-439-4748,4/14/2024,High,1,4,High,3,0
66-949-9895,1/25/2024,Middle,2,4,,2,1
20-648-1010,1/5/2024,High,1,4,Low,4,0
79-939-5393,8/21/2024,High,1,5,Medium,5,0
89-249-8369,6/21/2024,High,1,3,Medium,3,0
85-366-1482,11/29/2024,Middle,1,3,Low,3,2
34-874-7357,1/2/2024,High,0,3,Low,2,0
11-820-5039,6/21/2024,Middle,1,4,,1,1
73-846-1423,5/24/2024,High,2,5,Low,1,0
90-363-8040,12/19/2024,High,0,4,Medium,2,0
65-533-1660,9/25/2024,Middle,1,2,Low,4,2
98-376-8787,10/31/2024,High,1,5,Medium,1,0
18-938-9896,8/9/2024,Middle,0,4,Medium,3,2
04-829-7037,10/1/2024,High,2,5,High,4,0
93-455-0576,6/16/2024,Middle,2,4,High,1,2
84-637-9188,3/28/2024,Middle,0,4,High,1,2
81-111-7832,6/16/2024,High,2,2,,5,1
77-401-8183,1/15/2024,High,1,5,Low,3,0
01-484-8220,2/10/2024,Middle,1,2,High,3,2
11-121-0709,9/2/2024,Middle,2,4,Low,2,2
36-649-0081,9/12/2024,High,1,3,High,3,0
61-176-8712,8/31/2024,High,0,2,Medium,3,0
75-526-2611,1/22/2024,High,0,3,Low,5,0
72-339-1854,8/30/2024,High,0,2,Low,3,0
80-360-6324,7/23/2024,High,2,4,Medium,1,0
24-591-4327,4/11/2024,High,2,1,High,1,0
58-487-8848,7/11/2024,High,0,3,,4,1
61-453-3503,9/16/2024,High,1,3,,2,1
63-680-7694,9/22/2024,High,2,4,Medium,5,0
51-431-7150,11/3/2024,Middle,2,3,High,1,2
23-039-9347,5/15/2024,Middle,1,4,Medium,4,2
18-832-6916,11/24/2024,High,0,5,,5,1
29-438-8126,3/31/2024,Middle,2,3,Medium,1,2
68-201-1633,3/21/2024,Middle,0,3,Medium,5,2
07-314-2945,7/3/2024,Middle,1,5,Medium,3,2
64-490-6975,3/17/2024,Middle,2,5,,3,1
91-789-3191,11/21/2024,High,2,4,,3,1
83-714-9649,8/2/2024,Middle,1,1,High,3,2
33-203-4230,9/24/2024,High,2,3,High,5,0
90-918-2833,12/18/2024,High,2,5,Low,2,0
53-409-1176,5/25/2024,High,0,1,High,5,0
52-491-3386,1/5/2024,High,0,2,High,1,0
10-870-3357,3/15/2024,Middle,0,3,Low,5,2
41-816-7753,7/23/2024,Middle,0,4,Low,4,2
68-296-5978,9/18/2024,High,0,3,Medium,4,0
03-874-9055,3/9/2024,Middle,0,5,Low,3,2
28-123-8406,1/29/2024,High,2,4,Low,5,0
01-089-2223,7/22/2024,High,0,1,High,3,0
23-758-1012,2/3/2024,Middle,1,1,,5,1
34-788-8387,6/3/2024,Middle,0,4,Medium,3,2
53-865-9342,10/5/2024,High,0,1,Low,1,0
79-052-8470,1/4/2024,Middle,0,1,High,1,2
86-359-7320,2/27/2024,Middle,0,5,Low,3,2
27-111-2242,10/1/2024,High,1,2,Medium,3,0
84-538-0238,12/11/2024,Middle,2,4,Medium,3,2
04-660-2742,11/25/2024,High,0,5,,4,1
96-496-9833,1/13/2024,High,0,2,High,2,0
27-672-6081,9/17/2024,High,0,1,Medium,3,0
66-033-0540,8/12/2024,High,1,5,,1,1
99-643-9845,9/9/2024,Middle,0,3,High,3,2
27-571-9402,5/26/2024,Middle,0,4,High,3,2
10-430-5821,11/9/2024,High,1,4,,5,1
36-835-7445,7/19/2024,Middle,0,5,,2,1
41-602-4042,1/7/2024,High,0,1,Medium,1,0
63-743-6962,1/7/2024,Middle,1,4,Low,2,2
66-772-9922,5/27/2024,High,2,4,,4,1
23-246-5927,5/11/2024,Middle,2,1,Low,4,2
74-022-7557,10/16/2024,High,0,5,Low,1,0
78-214-5658,4/19/2024,Middle,0,2,,4,1
25-286-8786,6/7/2024,High,0,3,Medium,4,0
55-955-9889,5/5/2024,High,0,4,High,3,0
34-237-3943,2/29/2024,Middle,1,5,Medium,2,2
19-386-9088,12/18/2024,High,0,3,,5,1
16-583-2801,10/29/2024,Middle,2,4,,1,1
83-752-5439,6/21/2024,Middle,1,2,Medium,4,2
25-485-2023,9/16/2024,Middle,0,1,Medium,4,2
90-822-7664,1/14/2024,Middle,0,2,,1,1
22-039-6819,3/17/2024,Middle,0,5,,1,1
50-395-1941,9/22/2024,High,0,4,,2,1
99-771-9310,3/7/2024,High,1,1,Low,2,0
18-518-0140,11/25/2024,High,0,4,,1,1
57-000-8646,4/22/2024,High,1,1,High,5,0
81-926-9297,8/9/2024,Middle,0,1,,4,1
53-070-2625,7/13/2024,High,2,4,Low,5,0
63-217-7638,1/1/2024,Middle,0,4,,5,1
64-120-6212,2/11/2024,Middle,1,3,Low,5,2
01-404-3425,10/30/2024,High,1,3,Medium,5,0
68-971-6148,3/19/2024,High,2,5,Low,4,0
22-053-4627,4/30/2024,High,2,1,Medium,4,0
09-258-0424,11/25/2024,Middle,0,5,Low,5,2
56-782-9001,2/16/2024,High,0,1,Low,4,0
05-506-7216,6/20/2024,High,1,2,Low,2,0
47-356-9730,2/4/2024,High,0,4,Low,1,0
42-898-6421,8/4/2024,High,1,4,Low,1,0
17-364-8685,3/21/2024,High,0,3,,1,1
13-618-9438,6/13/2024,High,0,1,,4,1
32-457-2982,4/4/2024,High,0,1,Low,5,0
43-386-2489,5/2/2024,High,1,2,,3,1
67-438-2378,2/14/2024,Middle,2,2,High,5,2
65-431-1264,5/14/2024,Middle,0,1,,4,1
73-367-8478,2/6/2024,High,1,2,Low,2,0
84-162-8799,11/12/2024,Middle,1,4,High,2,2
51-546-9992,12/26/2024,High,2,5,Low,2,0
89-189-3295,10/1/2024,Middle,2,4,,2,1
45-776-7217,3/3/2024,Middle,2,3,Low,3,2
71-354-5174,4/20/2024,High,1,5,Medium,2,0
05-975-6985,8/21/2024,High,1,5,Medium,5,0
42-859-2475,10/21/2024,Middle,0,2,Low,4,2
34-094-1923,4/11/2024,Middle,0,3,,5,1
57-797-8139,2/9/2024,High,1,4,Low,4,0
21-048-8669,5/25/2024,Middle,1,2,Low,3,2
30-038-8752,4/16/2024,High,1,5,,4,1
06-237-7338,2/17/2024,Middle,0,4,,5,1
71-817-5422,7/7/2024,High,0,3,,5,1
68-512-0568,8/3/2024,High,0,1,Medium,3,0
18-633-9387,3/9/2024,Middle,0,1,Low,3,2
08-977-4418,7/28/2024,Middle,2,4,,5,1
97-738-8095,2/29/2024,High,0,4,High,1,0
15-421-1255,7/3/2024,High,2,1,,4,1
92-142-4328,3/2/2024,Middle,0,1,High,2,2
06-357-6548,7/27/2024,Middle,2,3,,3,1
59-261-4453,5/26/2024,High,1,4,Medium,2,0
35-644-3184,3/4/2024,High,2,3,,2,1
30-528-9105,12/13/2024,Middle,1,1,,1,1
14-709-8547,2/24/2024,Middle,0,1,,5,1
80-508-9866,3/12/2024,Middle,1,1,,5,1
27-100-0661,8/21/2024,High,1,3,High,1,0
68-488-7343,5/23/2024,Middle,0,2,,4,1
63-304-1852,5/26/2024,High,1,5,Medium,5,0
53-843-5619,3/20/2024,High,0,3,Low,4,0
44-786-7696,10/3/2024,Middle,0,2,,1,1
45-631-4619,8/23/2024,High,1,1,High,5,0
11-850-1953,9/17/2024,Middle,2,1,Low,2,2
20-421-2544,10/17/2024,High,2,2,Low,4,0
37-100-8709,8/8/2024,High,1,1,High,1,0
78-361-5100,12/12/2024,Middle,2,1,Low,3,2
67-676-5945,6/12/2024,High,1,5,Medium,4,0
67-639-5838,3/28/2024,Middle,1,3,Low,4,2
51-415-1931,12/27/2024,High,2,4,,3,1
96-764-3843,2/24/2024,Middle,2,4,,3,1
16-730-2056,6/15/2024,High,2,4,Medium,1,0
22-157-2494,8/14/2024,High,1,1,,2,1
29-341-6463,5/15/2024,Middle,2,4,,1,1
64-906-4475,6/1/2024,High,1,3,,2,1
36-340-8494,8/25/2024,Middle,0,4,Medium,4,2
77-031-4898,3/1/2024,Middle,0,4,Low,3,2
86-097-9642,6/30/2024,Middle,0,2,,5,1
64-090-3433,1/2/2024,Middle,2,2,High,3,2
96-140-1936,12/28/2024,Middle,1,5,High,2,2
38-830-6976,9/2/2024,High,2,1,Medium,3,0
82-864-1154,9/21/2024,High,1,3,Medium,2,0
79-711-6779,3/27/2024,High,0,5,High,3,0
22-860-9860,11/11/2024,High,2,4,Medium,2,0
72-590-6161,9/16/2024,Middle,0,2,Low,1,2
76-213-5806,5/27/2024,High,1,1,,3,1
66-894-5431,5/2/2024,Middle,2,1,Medium,3,2
20-939-3906,9/13/2024,High,2,5,Medium,5,0
86-390-9555,5/30/2024,Middle,1,3,Medium,3,2
91-602-0761,10/21/2024,Middle,1,4,High,3,2
62-974-7965,10/15/2024,High,1,4,Medium,5,0
21-232-1397,11/7/2024,Middle,1,5,,5,1
31-364-4144,1/18/2024,High,1,4,,4,1
99-945-7193,4/30/2024,Middle,1,4,Medium,5,2
91-053-3261,11/12/2024,Middle,1,3,High,5,2
50-447-5171,5/13/2024,High,1,3,High,4,0
89-754-7244,9/28/2024,High,1,3,High,2,0
56-072-7011,3/18/2024,High,0,2,High,5,0
74-281-3421,4/13/2024,Middle,2,2,High,5,2
86-068-2133,4/23/2024,High,2,5,Low,5,0
03-102-0288,3/13/2024,Middle,2,1,Low,5,2
74-033-1145,1/18/2024,High,2,1,High,5,0
24-272-6205,4/25/2024,High,0,3,High,5,0
90-170-1951,8/15/2024,Middle,2,1,,2,1
73-259-8940,11/10/2024,Middle,1,5,High,1,2
77-796-5786,6/29/2024,Middle,1,5,Low,5,2
23-949-1954,6/20/2024,Middle,0,5,,2,1
51-313-7293,11/16/2024,High,1,3,,2,1
62-797-9254,6/29/2024,High,2,5,High,3,0
27-941-4995,7/20/2024,High,0,2,,1,1
01-799-2615,7/28/2024,Middle,1,4,High,3,2
82-133-0444,2/2/2024,High,2,3,High,5,0
43-920-9499,9/26/2024,Middle,2,3,,3,1
17-551-9779,4/4/2024,Middle,1,4,Low,1,2
49-037-2300,10/22/2024,Middle,0,1,Low,5,2
95-876-9757,7/12/2024,High,2,5,Medium,3,0
47-947-4888,6/30/2024,High,2,3,Medium,4,0
83-003-2165,4/2/2024,High,0,2,High,4,0
27-619-9264,2/16/2024,High,0,4,High,1,0
49-476-1729,1/31/2024,High,1,5,High,2,0
64-803-7087,10/9/2024,Middle,2,1,High,5,2
01-925-4021,4/9/2024,Middle,2,2,High,3,2
51-116-5937,5/16/2024,High,2,4,,5,1
72-454-2741,10/22/2024,Middle,0,2,Low,4,2
96-484-1000,11/8/2024,Middle,2,2,Low,3,2
07-834-3350,9/1/2024,High,2,1,Medium,4,0
11-802-5604,5/17/2024,High,2,5,Low,4,0
41-750-4105,5/19/2024,High,0,3,Medium,1,0
31-491-8457,1/25/2024,High,2,5,,4,1
86-257-9581,3/8/2024,High,2,2,High,1,0
22-981-6595,7/13/2024,High,0,2,High,4,0
54-002-5845,11/21/2024,High,1,3,High,2,0
31-927-7787,3/31/2024,High,0,1,High,4,0
46-098-9737,4/28/2024,Middle,1,3,High,2,2
27-017-7173,7/9/2024,Middle,2,3,,5,1
53-102-9949,9/22/2024,Middle,2,2,,5,1
02-676-9312,4/4/2024,High,2,4,Low,5,0
28-969-7540,6/20/2024,High,0,1,Low,3,0
30-083-9565,3/22/2024,Middle,0,3,,3,1
30-975-0306,4/6/2024,High,2,3,Low,1,0
14-364-4904,5/20/2024,High,0,2,High,1,0
08-652-2085,4/9/2024,Middle,2,4,Low,4,2
67-037-2087,12/4/2024,High,2,2,Low,1,0
09-737-8354,5/27/2024,Middle,2,3,Medium,3,2
12-417-5609,7/1/2024,Middle,2,2,High,4,2
25-096-6830,8/15/2024,High,1,3,,4,1
91-558-5922,1/19/2024,High,0,2,,1,1
25-560-4506,9/18/2024,High,1,2,,1,1
33-609-0598,6/17/2024,High,1,1,Medium,2,0
45-337-1798,7/26/2024,Middle,1,5,Low,5,2
34-265-8558,3/11/2024,High,0,2,Medium,2,0
67-323-7406,9/27/2024,High,1,5,High,3,0
40-149-8247,9/5/2024,Middle,0,2,High,5,2
37-361-8691,12/22/2024,High,0,2,Low,3,0
17-763-9416,10/29/2024,High,0,4,High,4,0
56-453-8263,6/6/2024,Middle,2,1,Medium,3,2
19-560-0717,4/12/2024,Middle,2,4,,3,1
40-199-1803,12/21/2024,High,0,5,Medium,2,0
09-332-0236,12/25/2024,Middle,2,5,Medium,3,2
83-982-5300,12/1/2024,Middle,0,3,,5,1
46-662-1571,3/31/2024,Middle,2,2,Low,4,2
20-699-9217,10/12/2024,High,1,4,High,1,0
26-150-0209,12/25/2024,Middle,0,1,Medium,1,2
94-985-5336,1/11/2024,High,2,5,High,4,0
97-715-3606,7/29/2024,Middle,2,4,Low,2,2
02-100-4320,1/11/2024,High,2,5,High,3,0
16-070-0138,7/30/2024,High,2,5,,1,1
82-474-5074,7/28/2024,Middle,2,5,,5,1
36-444-5336,11/11/2024,Middle,2,1,High,2,2
54-680-5344,10/25/2024,Middle,2,1,,2,1
16-364-8096,9/20/2024,High,2,2,,3,1
62-644-8183,10/22/2024,Middle,1,5,Medium,3,2
59-971-0799,9/9/2024,Middle,0,1,High,1,2
64-031-2046,7/17/2024,High,0,5,High,4,0
87-079-0237,5/12/2024,High,0,2,Low,2,0
78-091-8662,10/11/2024,High,1,1,,4,1
62-720-2922,6/23/2024,High,1,4,High,3,0
47-528-3961,8/23/2024,High,0,1,Low,3,0
21-808-2293,2/15/2024,Middle,1,3,Medium,1,2
22-022-9256,1/10/2024,Middle,2,5,,2,1
96-772-7220,11/18/2024,High,1,5,Low,5,0
25-866-7286,5/10/2024,Middle,0,5,Medium,4,2
72-694-4159,9/18/2024,Middle,1,5,Low,1,2
10-079-8237,4/14/2024,High,2,1,,2,1
47-460-8015,3/6/2024,Middle,1,1,Low,4,2
06-061-0023,4/19/2024,High,1,1,High,3,0
80-487-2550,2/29/2024,High,0,1,,5,1
23-617-2637,1/22/2024,Middle,1,5,,5,1
60-005-5187,1/18/2024,Middle,0,1,Medium,2,2
24-371-5870,9/30/2024,Middle,0,2,Low,4,2
02-055-8248,4/27/2024,High,0,4,Low,3,0
54-238-5459,3/10/2024,High,0,5,,2,1
85-922-0190,10/12/2024,High,0,3,Low,3,0
48-271-1908,5/21/2024,High,0,5,Medium,2,0
46-978-3874,1/10/2024,High,0,1,,2,1
53-595-7635,5/7/2024,High,2,2,Low,4,0
08-185-6608,1/22/2024,High,1,5,Low,3,0
20-562-2569,7/7/2024,High,2,4,High,2,0
41-366-4205,3/28/2024,High,0,3,Low,4,0
77-241-7621,3/11/2024,High,0,1,Low,1,0
53-091-2176,3/30/2024,High,0,4,Low,4,0
48-203-9118,12/8/2024,Middle,1,2,Medium,5,2
